season,home_team,away_team,home_off_rtg,home_def_rtg,away_off_rtg,away_def_rtg,home_pace,away_pace,home_wins
2014-15,CHI,MIL,104.2,101.1,92.0,104.5,90.31,93.1,1
2014-15,GSW,NOP,107.1,98.8,103.6,111.8,95.13,94.78,1
2014-15,HOU,DAL,106.0,108.4,107.0,111.3,102.06,102.7,1
2014-15,TOR,WAS,98.5,113.4,105.0,101.0,95.03,95.26,0
2014-15,ATL,BKN,102.8,102.9,100.2,105.9,94.15,94.53,1
2014-15,CLE,BOS,106.6,102.2,100.5,108.9,91.47,94.88,1
2014-15,LAC,SAS,107.9,106.7,107.7,106.7,99.08,94.87,1
2014-15,MEM,POR,101.7,103.1,101.5,109.1,93.14,92.3,1
2014-15,CHI,MIL,104.2,101.1,92.0,104.5,90.31,93.1,1
2014-15,GSW,NOP,107.1,98.8,103.6,111.8,95.13,94.78,1
2014-15,CLE,BOS,106.6,102.2,100.5,108.9,91.47,94.88,1
2014-15,HOU,DAL,106.0,108.4,107.0,111.3,102.06,102.7,1
2014-15,TOR,WAS,98.5,113.4,105.0,101.0,95.03,95.26,0
2014-15,ATL,BKN,102.8,102.9,100.2,105.9,94.15,94.53,1
2014-15,LAC,SAS,107.9,106.7,107.7,106.7,99.08,94.87,0
2014-15,MEM,POR,101.7,103.1,101.5,109.1,93.14,92.3,1
2014-15,BOS,CLE,100.5,108.9,106.6,102.2,94.88,91.47,0
2014-15,NOP,GSW,103.6,111.8,107.1,98.8,94.78,95.13,0
2014-15,MIL,CHI,92.0,104.5,104.2,101.1,93.1,90.31,0
2014-15,DAL,HOU,107.0,111.3,106.0,108.4,102.7,102.06,0
2014-15,SAS,LAC,107.7,106.7,107.9,106.7,94.87,99.08,1
2014-15,WAS,TOR,105.0,101.0,98.5,113.4,95.26,95.03,1
2014-15,NOP,GSW,103.6,111.8,107.1,98.8,94.78,95.13,0
2014-15,MIL,CHI,92.0,104.5,104.2,101.1,93.1,90.31,1
2014-15,BKN,ATL,100.2,105.9,102.8,102.9,94.53,94.15,1
2014-15,POR,MEM,101.5,109.1,101.7,103.1,92.3,93.14,0
2014-15,BOS,CLE,100.5,108.9,106.6,102.2,94.88,91.47,0
2014-15,DAL,HOU,107.0,111.3,106.0,108.4,102.7,102.06,1
2014-15,SAS,LAC,107.7,106.7,107.9,106.7,94.87,99.08,0
2014-15,WAS,TOR,105.0,101.0,98.5,113.4,95.26,95.03,1
2014-15,CHI,MIL,104.2,101.1,92.0,104.5,90.31,93.1,0
2014-15,BKN,ATL,100.2,105.9,102.8,102.9,94.53,94.15,1
2014-15,POR,MEM,101.5,109.1,101.7,103.1,92.3,93.14,1
2014-15,HOU,DAL,106.0,108.4,107.0,111.3,102.06,102.7,1
2014-15,LAC,SAS,107.9,106.7,107.7,106.7,99.08,94.87,0
2014-15,ATL,BKN,102.8,102.9,100.2,105.9,94.15,94.53,1
2014-15,MEM,POR,101.7,103.1,101.5,109.1,93.14,92.3,1
2014-15,MIL,CHI,92.0,104.5,104.2,101.1,93.1,90.31,0
2014-15,SAS,LAC,107.7,106.7,107.9,106.7,94.87,99.08,0
2014-15,BKN,ATL,100.2,105.9,102.8,102.9,94.53,94.15,0
2014-15,LAC,SAS,107.9,106.7,107.7,106.7,99.08,94.87,1
2014-15,ATL,WAS,102.8,102.9,105.0,101.0,94.15,95.26,0
2014-15,GSW,MEM,107.1,98.8,101.7,103.1,95.13,93.14,1
2014-15,CLE,CHI,106.6,102.2,104.2,101.1,91.47,90.31,0
2014-15,HOU,LAC,106.0,108.4,107.9,106.7,102.06,99.08,0
2014-15,ATL,WAS,102.8,102.9,105.0,101.0,94.15,95.26,1
2014-15,GSW,MEM,107.1,98.8,101.7,103.1,95.13,93.14,0
2014-15,CLE,CHI,106.6,102.2,104.2,101.1,91.47,90.31,1
2014-15,HOU,LAC,106.0,108.4,107.9,106.7,102.06,99.08,1
2014-15,CHI,CLE,104.2,101.1,106.6,102.2,90.31,91.47,1
2014-15,LAC,HOU,107.9,106.7,106.0,108.4,99.08,102.06,1
2014-15,MEM,GSW,101.7,103.1,107.1,98.8,93.14,95.13,1
2014-15,WAS,ATL,105.0,101.0,102.8,102.9,95.26,94.15,1
2014-15,CHI,CLE,104.2,101.1,106.6,102.2,90.31,91.47,0
2014-15,LAC,HOU,107.9,106.7,106.0,108.4,99.08,102.06,1
2014-15,MEM,GSW,101.7,103.1,107.1,98.8,93.14,95.13,0
2014-15,WAS,ATL,105.0,101.0,102.8,102.9,95.26,94.15,0
2014-15,CLE,CHI,106.6,102.2,104.2,101.1,91.47,90.31,1
2014-15,HOU,LAC,106.0,108.4,107.9,106.7,102.06,99.08,1
2014-15,ATL,WAS,102.8,102.9,105.0,101.0,94.15,95.26,1
2014-15,GSW,MEM,107.1,98.8,101.7,103.1,95.13,93.14,1
2014-15,CHI,CLE,104.2,101.1,106.6,102.2,90.31,91.47,0
2014-15,LAC,HOU,107.9,106.7,106.0,108.4,99.08,102.06,0
2014-15,MEM,GSW,101.7,103.1,107.1,98.8,93.14,95.13,0
2014-15,WAS,ATL,105.0,101.0,102.8,102.9,95.26,94.15,0
2014-15,HOU,LAC,106.0,108.4,107.9,106.7,102.06,99.08,1
2014-15,GSW,HOU,107.1,98.8,106.0,108.4,95.13,102.06,1
2014-15,ATL,CLE,102.8,102.9,106.6,102.2,94.15,91.47,0
2014-15,GSW,HOU,107.1,98.8,106.0,108.4,95.13,102.06,1
2014-15,ATL,CLE,102.8,102.9,106.6,102.2,94.15,91.47,0
2014-15,HOU,GSW,106.0,108.4,107.1,98.8,102.06,95.13,0
2014-15,CLE,ATL,106.6,102.2,102.8,102.9,91.47,94.15,1
2014-15,HOU,GSW,106.0,108.4,107.1,98.8,102.06,95.13,1
2014-15,CLE,ATL,106.6,102.2,102.8,102.9,91.47,94.15,1
2014-15,GSW,HOU,107.1,98.8,106.0,108.4,95.13,102.06,1
2014-15,GSW,CLE,107.1,98.8,106.6,102.2,95.13,91.47,1
2014-15,GSW,CLE,107.1,98.8,106.6,102.2,95.13,91.47,0
2014-15,CLE,GSW,106.6,102.2,107.1,98.8,91.47,95.13,1
2014-15,CLE,GSW,106.6,102.2,107.1,98.8,91.47,95.13,0
2014-15,GSW,CLE,107.1,98.8,106.6,102.2,95.13,91.47,1
2014-15,CLE,GSW,106.6,102.2,107.1,98.8,91.47,95.13,0
2015-16,ATL,BOS,103.2,104.0,94.3,101.2,96.1,97.72,1
2015-16,GSW,HOU,109.7,105.1,91.4,110.7,97.83,99.6,1
2015-16,OKC,DAL,111.3,105.8,101.7,120.4,95.61,92.6,1
2015-16,TOR,IND,101.7,106.4,103.8,101.9,90.39,90.43,0
2015-16,CLE,DET,114.6,105.2,109.2,119.3,91.4,86.88,1
2015-16,LAC,POR,102.6,101.9,106.3,108.5,95.67,98.03,1
2015-16,MIA,CHA,104.4,101.3,98.8,108.1,90.62,91.57,1
2015-16,SAS,MEM,109.8,100.5,89.3,113.2,92.65,90.88,1
2015-16,GSW,HOU,109.7,105.1,91.4,110.7,97.83,99.6,1
2015-16,OKC,DAL,111.3,105.8,101.7,120.4,95.61,92.6,0
2015-16,TOR,IND,101.7,106.4,103.8,101.9,90.39,90.43,1
2015-16,ATL,BOS,103.2,104.0,94.3,101.2,96.1,97.72,1
2015-16,SAS,MEM,109.8,100.5,89.3,113.2,92.65,90.88,1
2015-16,CLE,DET,114.6,105.2,109.2,119.3,91.4,86.88,1
2015-16,LAC,POR,102.6,101.9,106.3,108.5,95.67,98.03,1
2015-16,MIA,CHA,104.4,101.3,98.8,108.1,90.62,91.57,1
2015-16,DAL,OKC,101.7,120.4,111.3,105.8,92.6,95.61,0
2015-16,HOU,GSW,91.4,110.7,109.7,105.1,99.6,97.83,1
2015-16,IND,TOR,103.8,101.9,101.7,106.4,90.43,90.39,0
2015-16,BOS,ATL,94.3,101.2,103.2,104.0,97.72,96.1,1
2015-16,MEM,SAS,89.3,113.2,109.8,100.5,90.88,92.65,0
2015-16,DET,CLE,109.2,119.3,114.6,105.2,86.88,91.4,0
2015-16,DAL,OKC,101.7,120.4,111.3,105.8,92.6,95.61,0
2015-16,IND,TOR,103.8,101.9,101.7,106.4,90.43,90.39,1
2015-16,POR,LAC,106.3,108.5,102.6,101.9,98.03,95.67,1
2015-16,CHA,MIA,98.8,108.1,104.4,101.3,91.57,90.62,1
2015-16,BOS,ATL,94.3,101.2,103.2,104.0,97.72,96.1,1
2015-16,HOU,GSW,91.4,110.7,109.7,105.1,99.6,97.83,0
2015-16,MEM,SAS,89.3,113.2,109.8,100.5,90.88,92.65,0
2015-16,DET,CLE,109.2,119.3,114.6,105.2,86.88,91.4,0
2015-16,POR,LAC,106.3,108.5,102.6,101.9,98.03,95.67,1
2015-16,OKC,DAL,111.3,105.8,101.7,120.4,95.61,92.6,1
2015-16,CHA,MIA,98.8,108.1,104.4,101.3,91.57,90.62,1
2015-16,ATL,BOS,103.2,104.0,94.3,101.2,96.1,97.72,1
2015-16,TOR,IND,101.7,106.4,103.8,101.9,90.39,90.43,1
2015-16,GSW,HOU,109.7,105.1,91.4,110.7,97.83,99.6,1
2015-16,LAC,POR,102.6,101.9,106.3,108.5,95.67,98.03,0
2015-16,MIA,CHA,104.4,101.3,98.8,108.1,90.62,91.57,0
2015-16,BOS,ATL,94.3,101.2,103.2,104.0,97.72,96.1,0
2015-16,IND,TOR,103.8,101.9,101.7,106.4,90.43,90.39,1
2015-16,POR,LAC,106.3,108.5,102.6,101.9,98.03,95.67,1
2015-16,CHA,MIA,98.8,108.1,104.4,101.3,91.57,90.62,0
2015-16,SAS,OKC,109.8,100.5,111.3,105.8,92.65,95.61,1
2015-16,GSW,POR,109.7,105.1,106.3,108.5,97.83,98.03,1
2015-16,MIA,CHA,104.4,101.3,98.8,108.1,90.62,91.57,1
2015-16,TOR,IND,101.7,106.4,103.8,101.9,90.39,90.43,1
2015-16,CLE,ATL,114.6,105.2,103.2,104.0,91.4,96.1,1
2015-16,SAS,OKC,109.8,100.5,111.3,105.8,92.65,95.61,0
2015-16,GSW,POR,109.7,105.1,106.3,108.5,97.83,98.03,1
2015-16,TOR,MIA,101.7,106.4,104.4,101.3,90.39,90.62,0
2015-16,CLE,ATL,114.6,105.2,103.2,104.0,91.4,96.1,1
2015-16,TOR,MIA,101.7,106.4,104.4,101.3,90.39,90.62,1
2015-16,ATL,CLE,103.2,104.0,114.6,105.2,96.1,91.4,0
2015-16,OKC,SAS,111.3,105.8,109.8,100.5,95.61,92.65,0
2015-16,MIA,TOR,104.4,101.3,101.7,106.4,90.62,90.39,0
2015-16,POR,GSW,106.3,108.5,109.7,105.1,98.03,97.83,1
2015-16,ATL,CLE,103.2,104.0,114.6,105.2,96.1,91.4,0
2015-16,OKC,SAS,111.3,105.8,109.8,100.5,95.61,92.65,1
2015-16,MIA,TOR,104.4,101.3,101.7,106.4,90.62,90.39,1
2015-16,POR,GSW,106.3,108.5,109.7,105.1,98.03,97.83,0
2015-16,SAS,OKC,109.8,100.5,111.3,105.8,92.65,95.61,0
2015-16,GSW,POR,109.7,105.1,106.3,108.5,97.83,98.03,1
2015-16,TOR,MIA,101.7,106.4,104.4,101.3,90.39,90.62,1
2015-16,OKC,SAS,111.3,105.8,109.8,100.5,95.61,92.65,1
2015-16,MIA,TOR,104.4,101.3,101.7,106.4,90.62,90.39,1
2015-16,TOR,MIA,101.7,106.4,104.4,101.3,90.39,90.62,1
2015-16,GSW,OKC,109.7,105.1,111.3,105.8,97.83,95.61,0
2015-16,CLE,TOR,114.6,105.2,101.7,106.4,91.4,90.39,1
2015-16,GSW,OKC,109.7,105.1,111.3,105.8,97.83,95.61,1
2015-16,CLE,TOR,114.6,105.2,101.7,106.4,91.4,90.39,1
2015-16,TOR,CLE,101.7,106.4,114.6,105.2,90.39,91.4,1
2015-16,OKC,GSW,111.3,105.8,109.7,105.1,95.61,97.83,1
2015-16,TOR,CLE,101.7,106.4,114.6,105.2,90.39,91.4,1
2015-16,OKC,GSW,111.3,105.8,109.7,105.1,95.61,97.83,1
2015-16,CLE,TOR,114.6,105.2,101.7,106.4,91.4,90.39,1
2015-16,GSW,OKC,109.7,105.1,111.3,105.8,97.83,95.61,1
2015-16,TOR,CLE,101.7,106.4,114.6,105.2,90.39,91.4,0
2015-16,OKC,GSW,111.3,105.8,109.7,105.1,95.61,97.83,0
2015-16,GSW,OKC,109.7,105.1,111.3,105.8,97.83,95.61,1
2015-16,GSW,CLE,109.7,105.1,114.6,105.2,97.83,91.4,1
2015-16,GSW,CLE,109.7,105.1,114.6,105.2,97.83,91.4,1
2015-16,CLE,GSW,114.6,105.2,109.7,105.1,91.4,97.83,1
2015-16,CLE,GSW,114.6,105.2,109.7,105.1,91.4,97.83,0
2015-16,GSW,CLE,109.7,105.1,114.6,105.2,97.83,91.4,0
2015-16,CLE,GSW,114.6,105.2,109.7,105.1,91.4,97.83,1
2015-16,GSW,CLE,109.7,105.1,114.6,105.2,97.83,91.4,0
2016-17,CLE,IND,119.9,111.8,114.5,119.0,96.89,94.88,1
2016-17,LAC,UTA,107.9,109.0,105.2,110.4,90.64,92.95,0
2016-17,SAS,MEM,112.8,111.6,109.9,119.2,93.72,86.25,1
2016-17,TOR,MIL,104.2,110.1,103.3,103.7,92.9,90.33,0
2016-17,BOS,CHI,110.4,113.5,103.6,110.5,94.76,93.33,0
2016-17,GSW,POR,118.2,105.3,100.0,116.9,100.68,101.88,1
2016-17,HOU,OKC,110.1,108.9,105.0,113.7,96.9,99.2,1
2016-17,WAS,ATL,110.2,110.5,107.3,107.7,97.18,98.67,1
2016-17,CLE,IND,119.9,111.8,114.5,119.0,96.89,94.88,1
2016-17,SAS,MEM,112.8,111.6,109.9,119.2,93.72,86.25,1
2016-17,BOS,CHI,110.4,113.5,103.6,110.5,94.76,93.33,0
2016-17,LAC,UTA,107.9,109.0,105.2,110.4,90.64,92.95,1
2016-17,TOR,MIL,104.2,110.1,103.3,103.7,92.9,90.33,1
2016-17,GSW,POR,118.2,105.3,100.0,116.9,100.68,101.88,1
2016-17,HOU,OKC,110.1,108.9,105.0,113.7,96.9,99.2,1
2016-17,WAS,ATL,110.2,110.5,107.3,107.7,97.18,98.67,1
2016-17,MIL,TOR,103.3,103.7,104.2,110.1,90.33,92.9,1
2016-17,IND,CLE,114.5,119.0,119.9,111.8,94.88,96.89,0
2016-17,MEM,SAS,109.9,119.2,112.8,111.6,86.25,93.72,1
2016-17,CHI,BOS,103.6,110.5,110.4,113.5,93.33,94.76,0
2016-17,OKC,HOU,105.0,113.7,110.1,108.9,99.2,96.9,1
2016-17,UTA,LAC,105.2,110.4,107.9,109.0,92.95,90.64,0
2016-17,ATL,WAS,107.3,107.7,110.2,110.5,98.67,97.18,1
2016-17,MIL,TOR,103.3,103.7,104.2,110.1,90.33,92.9,0
2016-17,POR,GSW,100.0,116.9,118.2,105.3,101.88,100.68,0
2016-17,MEM,SAS,109.9,119.2,112.8,111.6,86.25,93.72,1
2016-17,CHI,BOS,103.6,110.5,110.4,113.5,93.33,94.76,0
2016-17,IND,CLE,114.5,119.0,119.9,111.8,94.88,96.89,0
2016-17,OKC,HOU,105.0,113.7,110.1,108.9,99.2,96.9,0
2016-17,UTA,LAC,105.2,110.4,107.9,109.0,92.95,90.64,1
2016-17,ATL,WAS,107.3,107.7,110.2,110.5,98.67,97.18,1
2016-17,POR,GSW,100.0,116.9,118.2,105.3,101.88,100.68,0
2016-17,TOR,MIL,104.2,110.1,103.3,103.7,92.9,90.33,1
2016-17,HOU,OKC,110.1,108.9,105.0,113.7,96.9,99.2,1
2016-17,LAC,UTA,107.9,109.0,105.2,110.4,90.64,92.95,0
2016-17,SAS,MEM,112.8,111.6,109.9,119.2,93.72,86.25,1
2016-17,BOS,CHI,110.4,113.5,103.6,110.5,94.76,93.33,1
2016-17,WAS,ATL,110.2,110.5,107.3,107.7,97.18,98.67,1
2016-17,MIL,TOR,103.3,103.7,104.2,110.1,90.33,92.9,0
2016-17,MEM,SAS,109.9,119.2,112.8,111.6,86.25,93.72,0
2016-17,ATL,WAS,107.3,107.7,110.2,110.5,98.67,97.18,0
2016-17,CHI,BOS,103.6,110.5,110.4,113.5,93.33,94.76,0
2016-17,UTA,LAC,105.2,110.4,107.9,109.0,92.95,90.64,0
2016-17,BOS,WAS,110.4,113.5,110.2,110.5,94.76,97.18,1
2016-17,LAC,UTA,107.9,109.0,105.2,110.4,90.64,92.95,0
2016-17,CLE,TOR,119.9,111.8,104.2,110.1,96.89,92.9,1
2016-17,SAS,HOU,112.8,111.6,110.1,108.9,93.72,96.9,0
2016-17,BOS,WAS,110.4,113.5,110.2,110.5,94.76,97.18,1
2016-17,GSW,UTA,118.2,105.3,105.2,110.4,100.68,92.95,1
2016-17,CLE,TOR,119.9,111.8,104.2,110.1,96.89,92.9,1
2016-17,SAS,HOU,112.8,111.6,110.1,108.9,93.72,96.9,1
2016-17,GSW,UTA,118.2,105.3,105.2,110.4,100.68,92.95,1
2016-17,WAS,BOS,110.2,110.5,110.4,113.5,97.18,94.76,1
2016-17,HOU,SAS,110.1,108.9,112.8,111.6,96.9,93.72,0
2016-17,TOR,CLE,104.2,110.1,119.9,111.8,92.9,96.89,0
2016-17,UTA,GSW,105.2,110.4,118.2,105.3,92.95,100.68,0
2016-17,HOU,SAS,110.1,108.9,112.8,111.6,96.9,93.72,1
2016-17,TOR,CLE,104.2,110.1,119.9,111.8,92.9,96.89,0
2016-17,WAS,BOS,110.2,110.5,110.4,113.5,97.18,94.76,1
2016-17,UTA,GSW,105.2,110.4,118.2,105.3,92.95,100.68,0
2016-17,SAS,HOU,112.8,111.6,110.1,108.9,93.72,96.9,1
2016-17,BOS,WAS,110.4,113.5,110.2,110.5,94.76,97.18,1
2016-17,HOU,SAS,110.1,108.9,112.8,111.6,96.9,93.72,0
2016-17,WAS,BOS,110.2,110.5,110.4,113.5,97.18,94.76,1
2016-17,GSW,SAS,118.2,105.3,112.8,111.6,100.68,93.72,1
2016-17,BOS,WAS,110.4,113.5,110.2,110.5,94.76,97.18,1
2016-17,GSW,SAS,118.2,105.3,112.8,111.6,100.68,93.72,1
2016-17,BOS,CLE,110.4,113.5,119.9,111.8,94.76,96.89,0
2016-17,BOS,CLE,110.4,113.5,119.9,111.8,94.76,96.89,0
2016-17,SAS,GSW,112.8,111.6,118.2,105.3,93.72,100.68,0
2016-17,CLE,BOS,119.9,111.8,110.4,113.5,96.89,94.76,0
2016-17,SAS,GSW,112.8,111.6,118.2,105.3,93.72,100.68,0
2016-17,CLE,BOS,119.9,111.8,110.4,113.5,96.89,94.76,1
2016-17,BOS,CLE,110.4,113.5,119.9,111.8,94.76,96.89,0
2016-17,GSW,CLE,118.2,105.3,119.9,111.8,100.68,96.89,1
2016-17,GSW,CLE,118.2,105.3,119.9,111.8,100.68,96.89,1
2016-17,CLE,GSW,119.9,111.8,118.2,105.3,96.89,100.68,0
2016-17,CLE,GSW,119.9,111.8,118.2,105.3,96.89,100.68,1
2016-17,GSW,CLE,118.2,105.3,119.9,111.8,100.68,96.89,1
2017-18,GSW,SAS,112.7,102.0,102.1,111.9,97.73,94.6,1
2017-18,PHI,MIA,108.9,105.0,101.8,112.2,98.87,101.7,1
2017-18,POR,NOP,105.5,113.9,105.5,107.0,100.25,103.89,0
2017-18,TOR,WAS,111.4,116.4,109.7,110.8,95.16,98.08,1
2017-18,BOS,MIL,107.1,106.2,108.7,108.8,93.74,92.55,1
2017-18,CLE,IND,108.3,111.1,110.3,103.4,92.13,91.43,0
2017-18,HOU,MIN,108.5,107.0,106.9,116.0,96.56,95.1,1
2017-18,OKC,UTA,102.9,106.9,104.3,106.1,98.5,98.36,1
2017-18,GSW,SAS,112.7,102.0,102.1,111.9,97.73,94.6,1
2017-18,PHI,MIA,108.9,105.0,101.8,112.2,98.87,101.7,0
2017-18,BOS,MIL,107.1,106.2,108.7,108.8,93.74,92.55,1
2017-18,POR,NOP,105.5,113.9,105.5,107.0,100.25,103.89,0
2017-18,TOR,WAS,111.4,116.4,109.7,110.8,95.16,98.08,1
2017-18,CLE,IND,108.3,111.1,110.3,103.4,92.13,91.43,1
2017-18,HOU,MIN,108.5,107.0,106.9,116.0,96.56,95.1,1
2017-18,OKC,UTA,102.9,106.9,104.3,106.1,98.5,98.36,0
2017-18,NOP,POR,105.5,107.0,105.5,113.9,103.89,100.25,1
2017-18,MIA,PHI,101.8,112.2,108.9,105.0,101.7,98.87,0
2017-18,SAS,GSW,102.1,111.9,112.7,102.0,94.6,97.73,0
2017-18,MIL,BOS,108.7,108.8,107.1,106.2,92.55,93.74,1
2017-18,IND,CLE,110.3,103.4,108.3,111.1,91.43,92.13,1
2017-18,WAS,TOR,109.7,110.8,111.4,116.4,98.08,95.16,1
2017-18,NOP,POR,105.5,107.0,105.5,113.9,103.89,100.25,1
2017-18,MIA,PHI,101.8,112.2,108.9,105.0,101.7,98.87,0
2017-18,MIN,HOU,106.9,116.0,108.5,107.0,95.1,96.56,1
2017-18,UTA,OKC,104.3,106.1,102.9,106.9,98.36,98.5,1
2017-18,MIL,BOS,108.7,108.8,107.1,106.2,92.55,93.74,1
2017-18,IND,CLE,110.3,103.4,108.3,111.1,91.43,92.13,0
2017-18,SAS,GSW,102.1,111.9,112.7,102.0,94.6,97.73,1
2017-18,WAS,TOR,109.7,110.8,111.4,116.4,98.08,95.16,1
2017-18,MIN,HOU,106.9,116.0,108.5,107.0,95.1,96.56,0
2017-18,UTA,OKC,104.3,106.1,102.9,106.9,98.36,98.5,1
2017-18,BOS,MIL,107.1,106.2,108.7,108.8,93.74,92.55,1
2017-18,GSW,SAS,112.7,102.0,102.1,111.9,97.73,94.6,1
2017-18,PHI,MIA,108.9,105.0,101.8,112.2,98.87,101.7,1
2017-18,CLE,IND,108.3,111.1,110.3,103.4,92.13,91.43,1
2017-18,HOU,MIN,108.5,107.0,106.9,116.0,96.56,95.1,1
2017-18,OKC,UTA,102.9,106.9,104.3,106.1,98.5,98.36,1
2017-18,TOR,WAS,111.4,116.4,109.7,110.8,95.16,98.08,1
2017-18,MIL,BOS,108.7,108.8,107.1,106.2,92.55,93.74,1
2017-18,IND,CLE,110.3,103.4,108.3,111.1,91.43,92.13,1
2017-18,UTA,OKC,104.3,106.1,102.9,106.9,98.36,98.5,1
2017-18,WAS,TOR,109.7,110.8,111.4,116.4,98.08,95.16,0
2017-18,BOS,MIL,107.1,106.2,108.7,108.8,93.74,92.55,1
2017-18,GSW,NOP,112.7,102.0,105.5,107.0,97.73,103.89,1
2017-18,CLE,IND,108.3,111.1,110.3,103.4,92.13,91.43,1
2017-18,HOU,UTA,108.5,107.0,104.3,106.1,96.56,98.36,1
2017-18,BOS,PHI,107.1,106.2,108.9,105.0,93.74,98.87,1
2017-18,GSW,NOP,112.7,102.0,105.5,107.0,97.73,103.89,1
2017-18,TOR,CLE,111.4,116.4,108.3,111.1,95.16,92.13,0
2017-18,HOU,UTA,108.5,107.0,104.3,106.1,96.56,98.36,0
2017-18,BOS,PHI,107.1,106.2,108.9,105.0,93.74,98.87,1
2017-18,TOR,CLE,111.4,116.4,108.3,111.1,95.16,92.13,0
2017-18,NOP,GSW,105.5,107.0,112.7,102.0,103.89,97.73,1
2017-18,UTA,HOU,104.3,106.1,108.5,107.0,98.36,96.56,0
2017-18,CLE,TOR,108.3,111.1,111.4,116.4,92.13,95.16,1
2017-18,PHI,BOS,108.9,105.0,107.1,106.2,98.87,93.74,0
2017-18,NOP,GSW,105.5,107.0,112.7,102.0,103.89,97.73,0
2017-18,UTA,HOU,104.3,106.1,108.5,107.0,98.36,96.56,0
2017-18,CLE,TOR,108.3,111.1,111.4,116.4,92.13,95.16,1
2017-18,PHI,BOS,108.9,105.0,107.1,106.2,98.87,93.74,1
2017-18,GSW,NOP,112.7,102.0,105.5,107.0,97.73,103.89,1
2017-18,HOU,UTA,108.5,107.0,104.3,106.1,96.56,98.36,1
2017-18,BOS,PHI,107.1,106.2,108.9,105.0,93.74,98.87,1
2017-18,BOS,CLE,107.1,106.2,108.3,111.1,93.74,92.13,1
2017-18,HOU,GSW,108.5,107.0,112.7,102.0,96.56,97.73,0
2017-18,BOS,CLE,107.1,106.2,108.3,111.1,93.74,92.13,1
2017-18,HOU,GSW,108.5,107.0,112.7,102.0,96.56,97.73,1
2017-18,CLE,BOS,108.3,111.1,107.1,106.2,92.13,93.74,1
2017-18,GSW,HOU,112.7,102.0,108.5,107.0,97.73,96.56,1
2017-18,CLE,BOS,108.3,111.1,107.1,106.2,92.13,93.74,1
2017-18,GSW,HOU,112.7,102.0,108.5,107.0,97.73,96.56,0
2017-18,BOS,CLE,107.1,106.2,108.3,111.1,93.74,92.13,1
2017-18,HOU,GSW,108.5,107.0,112.7,102.0,96.56,97.73,1
2017-18,CLE,BOS,108.3,111.1,107.1,106.2,92.13,93.74,1
2017-18,GSW,HOU,112.7,102.0,108.5,107.0,97.73,96.56,1
2017-18,BOS,CLE,107.1,106.2,108.3,111.1,93.74,92.13,0
2017-18,HOU,GSW,108.5,107.0,112.7,102.0,96.56,97.73,0
2017-18,GSW,CLE,112.7,102.0,108.3,111.1,97.73,92.13,1
2017-18,GSW,CLE,112.7,102.0,108.3,111.1,97.73,92.13,1
2017-18,CLE,GSW,108.3,111.1,112.7,102.0,92.13,97.73,0
2017-18,CLE,GSW,108.3,111.1,112.7,102.0,92.13,97.73,0
2018-19,DEN,SAS,113.3,111.1,110.7,113.1,93.68,93.14,0
2018-19,GSW,LAC,114.6,111.5,111.5,120.5,98.57,103.08,1
2018-19,PHI,BKN,109.1,106.0,105.7,115.9,99.63,105.5,0
2018-19,TOR,ORL,109.8,104.2,95.8,111.5,96.25,95.7,0
2018-19,BOS,IND,101.4,103.0,95.8,103.9,100.61,95.63,1
2018-19,HOU,UTA,110.5,107.4,99.2,108.5,97.26,98.6,1
2018-19,MIL,DET,110.7,101.9,96.8,120.5,100.57,101.13,1
2018-19,POR,OKC,109.5,110.6,104.4,109.9,97.15,100.9,1
2018-19,GSW,LAC,114.6,111.5,111.5,120.5,98.57,103.08,0
2018-19,PHI,BKN,109.1,106.0,105.7,115.9,99.63,105.5,1
2018-19,DEN,SAS,113.3,111.1,110.7,113.1,93.68,93.14,1
2018-19,POR,OKC,109.5,110.6,104.4,109.9,97.15,100.9,1
2018-19,TOR,ORL,109.8,104.2,95.8,111.5,96.25,95.7,1
2018-19,BOS,IND,101.4,103.0,95.8,103.9,100.61,95.63,1
2018-19,HOU,UTA,110.5,107.4,99.2,108.5,97.26,98.6,1
2018-19,MIL,DET,110.7,101.9,96.8,120.5,100.57,101.13,1
2018-19,LAC,GSW,111.5,120.5,114.6,111.5,103.08,98.57,0
2018-19,BKN,PHI,105.7,115.9,109.1,106.0,105.5,99.63,0
2018-19,SAS,DEN,110.7,113.1,113.3,111.1,93.14,93.68,1
2018-19,ORL,TOR,95.8,111.5,109.8,104.2,95.7,96.25,0
2018-19,IND,BOS,95.8,103.9,101.4,103.0,95.63,100.61,0
2018-19,OKC,POR,104.4,109.9,109.5,110.6,100.9,97.15,1
2018-19,BKN,PHI,105.7,115.9,109.1,106.0,105.5,99.63,0
2018-19,SAS,DEN,110.7,113.1,113.3,111.1,93.14,93.68,0
2018-19,UTA,HOU,99.2,108.5,110.5,107.4,98.6,97.26,0
2018-19,DET,MIL,96.8,120.5,110.7,101.9,101.13,100.57,0
2018-19,LAC,GSW,111.5,120.5,114.6,111.5,103.08,98.57,0
2018-19,ORL,TOR,95.8,111.5,109.8,104.2,95.7,96.25,0
2018-19,IND,BOS,95.8,103.9,101.4,103.0,95.63,100.61,0
2018-19,OKC,POR,104.4,109.9,109.5,110.6,100.9,97.15,0
2018-19,UTA,HOU,99.2,108.5,110.5,107.4,98.6,97.26,1
2018-19,DET,MIL,96.8,120.5,110.7,101.9,101.13,100.57,0
2018-19,DEN,SAS,113.3,111.1,110.7,113.1,93.68,93.14,1
2018-19,PHI,BKN,109.1,106.0,105.7,115.9,99.63,105.5,1
2018-19,POR,OKC,109.5,110.6,104.4,109.9,97.15,100.9,1
2018-19,TOR,ORL,109.8,104.2,95.8,111.5,96.25,95.7,1
2018-19,GSW,LAC,114.6,111.5,111.5,120.5,98.57,103.08,0
2018-19,HOU,UTA,110.5,107.4,99.2,108.5,97.26,98.6,1
2018-19,SAS,DEN,110.7,113.1,113.3,111.1,93.14,93.68,1
2018-19,LAC,GSW,111.5,120.5,114.6,111.5,103.08,98.57,0
2018-19,DEN,SAS,113.3,111.1,110.7,113.1,93.68,93.14,1
2018-19,TOR,PHI,109.8,104.2,109.1,106.0,96.25,99.63,1
2018-19,GSW,HOU,114.6,111.5,110.5,107.4,98.57,97.26,1
2018-19,MIL,BOS,110.7,101.9,101.4,103.0,100.57,100.61,0
2018-19,DEN,POR,113.3,111.1,109.5,110.6,93.68,97.15,1
2018-19,TOR,PHI,109.8,104.2,109.1,106.0,96.25,99.63,0
2018-19,GSW,HOU,114.6,111.5,110.5,107.4,98.57,97.26,1
2018-19,MIL,BOS,110.7,101.9,101.4,103.0,100.57,100.61,1
2018-19,DEN,POR,113.3,111.1,109.5,110.6,93.68,97.15,0
2018-19,PHI,TOR,109.1,106.0,109.8,104.2,99.63,96.25,1
2018-19,BOS,MIL,101.4,103.0,110.7,101.9,100.61,100.57,0
2018-19,POR,DEN,109.5,110.6,113.3,111.1,97.15,93.68,1
2018-19,HOU,GSW,110.5,107.4,114.6,111.5,97.26,98.57,1
2018-19,PHI,TOR,109.1,106.0,109.8,104.2,99.63,96.25,0
2018-19,POR,DEN,109.5,110.6,113.3,111.1,97.15,93.68,0
2018-19,BOS,MIL,101.4,103.0,110.7,101.9,100.61,100.57,0
2018-19,HOU,GSW,110.5,107.4,114.6,111.5,97.26,98.57,1
2018-19,DEN,POR,113.3,111.1,109.5,110.6,93.68,97.15,1
2018-19,TOR,PHI,109.8,104.2,109.1,106.0,96.25,99.63,1
2018-19,GSW,HOU,114.6,111.5,110.5,107.4,98.57,97.26,1
2018-19,MIL,BOS,110.7,101.9,101.4,103.0,100.57,100.61,1
2018-19,PHI,TOR,109.1,106.0,109.8,104.2,99.63,96.25,1
2018-19,POR,DEN,109.5,110.6,113.3,111.1,97.15,93.68,1
2018-19,HOU,GSW,110.5,107.4,114.6,111.5,97.26,98.57,0
2018-19,DEN,POR,113.3,111.1,109.5,110.6,93.68,97.15,0
2018-19,TOR,PHI,109.8,104.2,109.1,106.0,96.25,99.63,1
2018-19,GSW,POR,114.6,111.5,109.5,110.6,98.57,97.15,1
2018-19,MIL,TOR,110.7,101.9,109.8,104.2,100.57,96.25,1
2018-19,GSW,POR,114.6,111.5,109.5,110.6,98.57,97.15,1
2018-19,MIL,TOR,110.7,101.9,109.8,104.2,100.57,96.25,1
2018-19,POR,GSW,109.5,110.6,114.6,111.5,97.15,98.57,0
2018-19,TOR,MIL,109.8,104.2,110.7,101.9,96.25,100.57,1
2018-19,POR,GSW,109.5,110.6,114.6,111.5,97.15,98.57,0
2018-19,TOR,MIL,109.8,104.2,110.7,101.9,96.25,100.57,1
2018-19,MIL,TOR,110.7,101.9,109.8,104.2,100.57,96.25,0
2018-19,TOR,MIL,109.8,104.2,110.7,101.9,96.25,100.57,1
2018-19,TOR,GSW,109.8,104.2,114.6,111.5,96.25,98.57,1
2018-19,TOR,GSW,109.8,104.2,114.6,111.5,96.25,98.57,0
2018-19,GSW,TOR,114.6,111.5,109.8,104.2,98.57,96.25,0
2018-19,GSW,TOR,114.6,111.5,109.8,104.2,98.57,96.25,0
2018-19,TOR,GSW,109.8,104.2,114.6,111.5,96.25,98.57,0
2018-19,GSW,TOR,114.6,111.5,109.8,104.2,98.57,96.25,0
2019-20,BOS,PHI,111.6,106.3,105.0,117.2,96.32,95.75,1
2019-20,DEN,UTA,112.6,115.0,120.3,116.8,94.87,92.83,1
2019-20,LAC,DAL,114.4,110.1,112.1,121.4,98.9,102.55,1
2019-20,TOR,BKN,108.7,104.9,102.4,122.9,98.63,103.0,1
2019-20,HOU,OKC,107.7,106.8,101.7,108.3,99.18,100.65,1
2019-20,LAL,POR,115.6,108.7,104.1,114.5,97.52,102.4,0
2019-20,MIL,ORL,109.1,107.3,101.9,111.5,101.05,104.6,0
2019-20,IND,MIA,103.9,112.7,112.7,110.8,97.88,96.57,0
2019-20,BOS,PHI,111.6,106.3,105.0,117.2,96.32,95.75,1
2019-20,DEN,UTA,112.6,115.0,120.3,116.8,94.87,92.83,0
2019-20,LAC,DAL,114.4,110.1,112.1,121.4,98.9,102.55,0
2019-20,TOR,BKN,108.7,104.9,102.4,122.9,98.63,103.0,1
2019-20,HOU,OKC,107.7,106.8,101.7,108.3,99.18,100.65,1
2019-20,LAL,POR,115.6,108.7,104.1,114.5,97.52,102.4,1
2019-20,MIL,ORL,109.1,107.3,101.9,111.5,101.05,104.6,1
2019-20,IND,MIA,103.9,112.7,112.7,110.8,97.88,96.57,0
2019-20,DAL,LAC,112.1,121.4,114.4,110.1,102.55,98.9,0
2019-20,BKN,TOR,102.4,122.9,108.7,104.9,103.0,98.63,0
2019-20,PHI,BOS,105.0,117.2,111.6,106.3,95.75,96.32,0
2019-20,UTA,DEN,120.3,116.8,112.6,115.0,92.83,94.87,1
2019-20,MIA,IND,112.7,110.8,103.9,112.7,96.57,97.88,1
2019-20,ORL,MIL,101.9,111.5,109.1,107.3,104.6,101.05,0
2019-20,POR,LAL,104.1,114.5,115.6,108.7,102.4,97.52,0
2019-20,OKC,HOU,101.7,108.3,107.7,106.8,100.65,99.18,1
2019-20,DAL,LAC,112.1,121.4,114.4,110.1,102.55,98.9,1
2019-20,BKN,TOR,102.4,122.9,108.7,104.9,103.0,98.63,0
2019-20,PHI,BOS,105.0,117.2,111.6,106.3,95.75,96.32,0
2019-20,UTA,DEN,120.3,116.8,112.6,115.0,92.83,94.87,1
2019-20,MIA,IND,112.7,110.8,103.9,112.7,96.57,97.88,1
2019-20,ORL,MIL,101.9,111.5,109.1,107.3,104.6,101.05,0
2019-20,POR,LAL,104.1,114.5,115.6,108.7,102.4,97.52,0
2019-20,OKC,HOU,101.7,108.3,107.7,106.8,100.65,99.18,1
2019-20,DEN,UTA,112.6,115.0,120.3,116.8,94.87,92.83,1
2019-20,LAC,DAL,114.4,110.1,112.1,121.4,98.9,102.55,1
2019-20,HOU,OKC,107.7,106.8,101.7,108.3,99.18,100.65,1
2019-20,LAL,POR,115.6,108.7,104.1,114.5,97.52,102.4,1
2019-20,MIL,ORL,109.1,107.3,101.9,111.5,101.05,104.6,1
2019-20,DAL,LAC,112.1,121.4,114.4,110.1,102.55,98.9,0
2019-20,TOR,BOS,108.7,104.9,111.6,106.3,98.63,96.32,0
2019-20,UTA,DEN,120.3,116.8,112.6,115.0,92.83,94.87,0
2019-20,MIL,MIA,109.1,107.3,112.7,110.8,101.05,96.57,0
2019-20,OKC,HOU,101.7,108.3,107.7,106.8,100.65,99.18,1
2019-20,DEN,UTA,112.6,115.0,120.3,116.8,94.87,92.83,1
2019-20,TOR,BOS,108.7,104.9,111.6,106.3,98.63,96.32,0
2019-20,HOU,OKC,107.7,106.8,101.7,108.3,99.18,100.65,1
2019-20,MIL,MIA,109.1,107.3,112.7,110.8,101.05,96.57,0
2019-20,BOS,TOR,111.6,106.3,108.7,104.9,96.32,98.63,0
2019-20,LAC,DEN,114.4,110.1,112.6,115.0,98.9,94.87,1
2019-20,LAL,HOU,115.6,108.7,107.7,106.8,97.52,99.18,0
2019-20,MIA,MIL,112.7,110.8,109.1,107.3,96.57,101.05,1
2019-20,BOS,TOR,111.6,106.3,108.7,104.9,96.32,98.63,0
2019-20,LAC,DEN,114.4,110.1,112.6,115.0,98.9,94.87,0
2019-20,LAL,HOU,115.6,108.7,107.7,106.8,97.52,99.18,1
2019-20,MIA,MIL,112.7,110.8,109.1,107.3,96.57,101.05,0
2019-20,DEN,LAC,112.6,115.0,114.4,110.1,94.87,98.9,0
2019-20,TOR,BOS,108.7,104.9,111.6,106.3,98.63,96.32,0
2019-20,HOU,LAL,107.7,106.8,115.6,108.7,99.18,97.52,0
2019-20,MIL,MIA,109.1,107.3,112.7,110.8,101.05,96.57,0
2019-20,BOS,TOR,111.6,106.3,108.7,104.9,96.32,98.63,0
2019-20,DEN,LAC,112.6,115.0,114.4,110.1,94.87,98.9,0
2019-20,HOU,LAL,107.7,106.8,115.6,108.7,99.18,97.52,0
2019-20,LAC,DEN,114.4,110.1,112.6,115.0,98.9,94.87,0
2019-20,TOR,BOS,108.7,104.9,111.6,106.3,98.63,96.32,0
2019-20,LAL,HOU,115.6,108.7,107.7,106.8,97.52,99.18,1
2019-20,DEN,LAC,112.6,115.0,114.4,110.1,94.87,98.9,1
2019-20,BOS,MIA,111.6,106.3,112.7,110.8,96.32,96.57,0
2019-20,LAC,DEN,114.4,110.1,112.6,115.0,98.9,94.87,0
2019-20,BOS,MIA,111.6,106.3,112.7,110.8,96.32,96.57,0
2019-20,LAL,DEN,115.6,108.7,112.6,115.0,97.52,94.87,1
2019-20,MIA,BOS,112.7,110.8,111.6,106.3,96.57,96.32,0
2019-20,LAL,DEN,115.6,108.7,112.6,115.0,97.52,94.87,1
2019-20,DEN,LAL,112.6,115.0,115.6,108.7,94.87,97.52,1
2019-20,MIA,BOS,112.7,110.8,111.6,106.3,96.57,96.32,1
2019-20,DEN,LAL,112.6,115.0,115.6,108.7,94.87,97.52,0
2019-20,BOS,MIA,111.6,106.3,112.7,110.8,96.32,96.57,1
2019-20,LAL,DEN,115.6,108.7,112.6,115.0,97.52,94.87,1
2019-20,MIA,BOS,112.7,110.8,111.6,106.3,96.57,96.32,1
2019-20,LAL,MIA,115.6,108.7,112.7,110.8,97.52,96.57,1
2019-20,LAL,MIA,115.6,108.7,112.7,110.8,97.52,96.57,1
2019-20,MIA,LAL,112.7,110.8,115.6,108.7,96.57,97.52,1
2019-20,MIA,LAL,112.7,110.8,115.6,108.7,96.57,97.52,0
2019-20,LAL,MIA,115.6,108.7,112.7,110.8,97.52,96.57,0
2019-20,MIA,LAL,112.7,110.8,115.6,108.7,96.57,97.52,0
2020-21,DEN,POR,116.8,122.1,122.1,122.9,96.39,94.79,0
2020-21,LAC,DAL,119.2,114.5,114.2,119.7,93.76,92.86,0
2020-21,MIL,MIA,112.2,106.8,95.4,115.0,97.51,100.26,1
2020-21,BKN,BOS,115.9,109.3,115.9,128.0,96.29,96.6,1
2020-21,NYK,ATL,102.1,109.7,108.8,110.5,94.9,97.61,0
2020-21,PHI,WAS,115.6,107.5,107.0,121.1,100.88,102.6,1
2020-21,PHX,LAL,113.2,109.0,102.6,109.3,96.09,95.08,1
2020-21,UTA,MEM,120.1,121.7,115.0,123.4,97.05,100.0,0
2020-21,DEN,POR,116.8,122.1,122.1,122.9,96.39,94.79,1
2020-21,MIL,MIA,112.2,106.8,95.4,115.0,97.51,100.26,1
2020-21,LAC,DAL,119.2,114.5,114.2,119.7,93.76,92.86,0
2020-21,BKN,BOS,115.9,109.3,115.9,128.0,96.29,96.6,1
2020-21,PHX,LAL,113.2,109.0,102.6,109.3,96.09,95.08,0
2020-21,NYK,ATL,102.1,109.7,108.8,110.5,94.9,97.61,1
2020-21,PHI,WAS,115.6,107.5,107.0,121.1,100.88,102.6,1
2020-21,UTA,MEM,120.1,121.7,115.0,123.4,97.05,100.0,1
2020-21,LAL,PHX,102.6,109.3,113.2,109.0,95.08,96.09,1
2020-21,MIA,MIL,95.4,115.0,112.2,106.8,100.26,97.51,0
2020-21,POR,DEN,122.1,122.9,116.8,122.1,94.79,96.39,0
2020-21,ATL,NYK,108.8,110.5,102.1,109.7,97.61,94.9,1
2020-21,BOS,BKN,115.9,128.0,115.9,109.3,96.6,96.29,1
2020-21,DAL,LAC,114.2,119.7,119.2,114.5,92.86,93.76,0
2020-21,MIA,MIL,95.4,115.0,112.2,106.8,100.26,97.51,0
2020-21,POR,DEN,122.1,122.9,116.8,122.1,94.79,96.39,1
2020-21,MEM,UTA,115.0,123.4,120.1,121.7,100.0,97.05,0
2020-21,WAS,PHI,107.0,121.1,115.6,107.5,102.6,100.88,0
2020-21,ATL,NYK,108.8,110.5,102.1,109.7,97.61,94.9,1
2020-21,BOS,BKN,115.9,128.0,115.9,109.3,96.6,96.29,0
2020-21,DAL,LAC,114.2,119.7,119.2,114.5,92.86,93.76,0
2020-21,LAL,PHX,102.6,109.3,113.2,109.0,95.08,96.09,0
2020-21,MEM,UTA,115.0,123.4,120.1,121.7,100.0,97.05,0
2020-21,WAS,PHI,107.0,121.1,115.6,107.5,102.6,100.88,1
2020-21,DEN,POR,116.8,122.1,122.1,122.9,96.39,94.79,1
2020-21,BKN,BOS,115.9,109.3,115.9,128.0,96.29,96.6,1
2020-21,PHX,LAL,113.2,109.0,102.6,109.3,96.09,95.08,1
2020-21,LAC,DAL,119.2,114.5,114.2,119.7,93.76,92.86,0
2020-21,NYK,ATL,102.1,109.7,108.8,110.5,94.9,97.61,0
2020-21,PHI,WAS,115.6,107.5,107.0,121.1,100.88,102.6,1
2020-21,UTA,MEM,120.1,121.7,115.0,123.4,97.05,100.0,1
2020-21,LAL,PHX,102.6,109.3,113.2,109.0,95.08,96.09,0
2020-21,POR,DEN,122.1,122.9,116.8,122.1,94.79,96.39,0
2020-21,DAL,LAC,114.2,119.7,119.2,114.5,92.86,93.76,0
2020-21,BKN,MIL,115.9,109.3,112.2,106.8,96.29,97.51,1
2020-21,LAC,DAL,119.2,114.5,114.2,119.7,93.76,92.86,1
2020-21,PHI,ATL,115.6,107.5,108.8,110.5,100.88,97.61,0
2020-21,BKN,MIL,115.9,109.3,112.2,106.8,96.29,97.51,1
2020-21,PHX,DEN,113.2,109.0,116.8,122.1,96.09,96.39,1
2020-21,PHI,ATL,115.6,107.5,108.8,110.5,100.88,97.61,1
2020-21,UTA,LAC,120.1,121.7,119.2,114.5,97.05,93.76,1
2020-21,PHX,DEN,113.2,109.0,116.8,122.1,96.09,96.39,1
2020-21,MIL,BKN,112.2,106.8,115.9,109.3,97.51,96.29,1
2020-21,UTA,LAC,120.1,121.7,119.2,114.5,97.05,93.76,1
2020-21,ATL,PHI,108.8,110.5,115.6,107.5,97.61,100.88,0
2020-21,DEN,PHX,116.8,122.1,113.2,109.0,96.39,96.09,0
2020-21,LAC,UTA,119.2,114.5,120.1,121.7,93.76,97.05,1
2020-21,DEN,PHX,116.8,122.1,113.2,109.0,96.39,96.09,0
2020-21,MIL,BKN,112.2,106.8,115.9,109.3,97.51,96.29,1
2020-21,ATL,PHI,108.8,110.5,115.6,107.5,97.61,100.88,1
2020-21,LAC,UTA,119.2,114.5,120.1,121.7,93.76,97.05,1
2020-21,BKN,MIL,115.9,109.3,112.2,106.8,96.29,97.51,1
2020-21,PHI,ATL,115.6,107.5,108.8,110.5,100.88,97.61,0
2020-21,UTA,LAC,120.1,121.7,119.2,114.5,97.05,93.76,0
2020-21,MIL,BKN,112.2,106.8,115.9,109.3,97.51,96.29,1
2020-21,ATL,PHI,108.8,110.5,115.6,107.5,97.61,100.88,0
2020-21,LAC,UTA,119.2,114.5,120.1,121.7,93.76,97.05,1
2020-21,BKN,MIL,115.9,109.3,112.2,106.8,96.29,97.51,0
2020-21,PHI,ATL,115.6,107.5,108.8,110.5,100.88,97.61,0
2020-21,PHX,LAC,113.2,109.0,119.2,114.5,96.09,93.76,1
2020-21,PHX,LAC,113.2,109.0,119.2,114.5,96.09,93.76,1
2020-21,MIL,ATL,112.2,106.8,108.8,110.5,97.51,97.61,0
2020-21,LAC,PHX,119.2,114.5,113.2,109.0,93.76,96.09,1
2020-21,MIL,ATL,112.2,106.8,108.8,110.5,97.51,97.61,1
2020-21,LAC,PHX,119.2,114.5,113.2,109.0,93.76,96.09,0
2020-21,ATL,MIL,108.8,110.5,112.2,106.8,97.61,97.51,0
2020-21,PHX,LAC,113.2,109.0,119.2,114.5,96.09,93.76,0
2020-21,ATL,MIL,108.8,110.5,112.2,106.8,97.61,97.51,1
2020-21,LAC,PHX,119.2,114.5,113.2,109.0,93.76,96.09,0
2020-21,MIL,ATL,112.2,106.8,108.8,110.5,97.51,97.61,1
2020-21,ATL,MIL,108.8,110.5,112.2,106.8,97.61,97.51,0
2020-21,PHX,MIL,113.2,109.0,112.2,106.8,96.09,97.51,1
2020-21,PHX,MIL,113.2,109.0,112.2,106.8,96.09,97.51,1
2020-21,MIL,PHX,112.2,106.8,113.2,109.0,97.51,96.09,1
2020-21,MIL,PHX,112.2,106.8,113.2,109.0,97.51,96.09,1
2020-21,PHX,MIL,113.2,109.0,112.2,106.8,96.09,97.51,0
2020-21,MIL,PHX,112.2,106.8,113.2,109.0,97.51,96.09,1
2021-22,DAL,UTA,113.9,113.3,108.4,114.8,93.31,91.25,0
2021-22,GSW,DEN,114.5,109.6,113.9,121.9,97.61,96.7,1
2021-22,PHI,TOR,112.3,111.3,109.6,119.5,92.53,92.15,1
2021-22,MEM,MIN,109.8,107.1,105.8,111.7,102.67,102.92,0
2021-22,BOS,BKN,110.3,106.3,115.0,119.2,95.79,95.0,1
2021-22,MIA,ATL,110.7,107.0,104.1,115.9,93.97,94.0,1
2021-22,MIL,CHI,103.4,102.7,94.4,108.3,99.0,101.1,1
2021-22,PHX,NOP,114.9,114.9,115.6,117.8,94.12,94.75,1
2021-22,DAL,UTA,113.9,113.3,108.4,114.8,93.31,91.25,1
2021-22,GSW,DEN,114.5,109.6,113.9,121.9,97.61,96.7,1
2021-22,PHI,TOR,112.3,111.3,109.6,119.5,92.53,92.15,1
2021-22,MIA,ATL,110.7,107.0,104.1,115.9,93.97,94.0,1
2021-22,PHX,NOP,114.9,114.9,115.6,117.8,94.12,94.75,0
2021-22,MEM,MIN,109.8,107.1,105.8,111.7,102.67,102.92,1
2021-22,BOS,BKN,110.3,106.3,115.0,119.2,95.79,95.0,1
2021-22,MIL,CHI,103.4,102.7,94.4,108.3,99.0,101.1,0
2021-22,TOR,PHI,109.6,119.5,112.3,111.3,92.15,92.53,0
2021-22,DEN,GSW,113.9,121.9,114.5,109.6,96.7,97.61,0
2021-22,MIN,MEM,105.8,111.7,109.8,107.1,102.92,102.67,0
2021-22,UTA,DAL,108.4,114.8,113.9,113.3,91.25,93.31,0
2021-22,ATL,MIA,104.1,115.9,110.7,107.0,94.0,93.97,1
2021-22,NOP,PHX,115.6,117.8,114.9,114.9,94.75,94.12,0
2021-22,CHI,MIL,94.4,108.3,103.4,102.7,101.1,99.0,0
2021-22,MIN,MEM,105.8,111.7,109.8,107.1,102.92,102.67,1
2021-22,BKN,BOS,115.0,119.2,110.3,106.3,95.0,95.79,0
2021-22,TOR,PHI,109.6,119.5,112.3,111.3,92.15,92.53,1
2021-22,UTA,DAL,108.4,114.8,113.9,113.3,91.25,93.31,1
2021-22,ATL,MIA,104.1,115.9,110.7,107.0,94.0,93.97,0
2021-22,NOP,PHX,115.6,117.8,114.9,114.9,94.75,94.12,1
2021-22,CHI,MIL,94.4,108.3,103.4,102.7,101.1,99.0,0
2021-22,DEN,GSW,113.9,121.9,114.5,109.6,96.7,97.61,1
2021-22,DAL,UTA,113.9,113.3,108.4,114.8,93.31,91.25,1
2021-22,BKN,BOS,115.0,119.2,110.3,106.3,95.0,95.79,0
2021-22,PHI,TOR,112.3,111.3,109.6,119.5,92.53,92.15,0
2021-22,MIA,ATL,110.7,107.0,104.1,115.9,93.97,94.0,1
2021-22,PHX,NOP,114.9,114.9,115.6,117.8,94.12,94.75,1
2021-22,MEM,MIN,109.8,107.1,105.8,111.7,102.67,102.92,1
2021-22,GSW,DEN,114.5,109.6,113.9,121.9,97.61,96.7,1
2021-22,MIL,CHI,103.4,102.7,94.4,108.3,99.0,101.1,1
2021-22,NOP,PHX,115.6,117.8,114.9,114.9,94.75,94.12,0
2021-22,TOR,PHI,109.6,119.5,112.3,111.3,92.15,92.53,0
2021-22,UTA,DAL,108.4,114.8,113.9,113.3,91.25,93.31,0
2021-22,MIN,MEM,105.8,111.7,109.8,107.1,102.92,102.67,0
2021-22,BOS,MIL,110.3,106.3,103.4,102.7,95.79,99.0,0
2021-22,MEM,GSW,109.8,107.1,114.5,109.6,102.67,97.61,0
2021-22,MIA,PHI,110.7,107.0,112.3,111.3,93.97,92.53,1
2021-22,PHX,DAL,114.9,114.9,113.9,113.3,94.12,93.31,1
2021-22,BOS,MIL,110.3,106.3,103.4,102.7,95.79,99.0,1
2021-22,MEM,GSW,109.8,107.1,114.5,109.6,102.67,97.61,1
2021-22,MIA,PHI,110.7,107.0,112.3,111.3,93.97,92.53,1
2021-22,PHX,DAL,114.9,114.9,113.9,113.3,94.12,93.31,1
2021-22,DAL,PHX,113.9,113.3,114.9,114.9,93.31,94.12,1
2021-22,PHI,MIA,112.3,111.3,110.7,107.0,92.53,93.97,1
2021-22,GSW,MEM,114.5,109.6,109.8,107.1,97.61,102.67,1
2021-22,MIL,BOS,103.4,102.7,110.3,106.3,99.0,95.79,1
2021-22,DAL,PHX,113.9,113.3,114.9,114.9,93.31,94.12,1
2021-22,PHI,MIA,112.3,111.3,110.7,107.0,92.53,93.97,1
2021-22,GSW,MEM,114.5,109.6,109.8,107.1,97.61,102.67,1
2021-22,MIL,BOS,103.4,102.7,110.3,106.3,99.0,95.79,0
2021-22,MIA,PHI,110.7,107.0,112.3,111.3,93.97,92.53,1
2021-22,PHX,DAL,114.9,114.9,113.9,113.3,94.12,93.31,1
2021-22,BOS,MIL,110.3,106.3,103.4,102.7,95.79,99.0,0
2021-22,MEM,GSW,109.8,107.1,114.5,109.6,102.67,97.61,1
2021-22,DAL,PHX,113.9,113.3,114.9,114.9,93.31,94.12,1
2021-22,PHI,MIA,112.3,111.3,110.7,107.0,92.53,93.97,0
2021-22,GSW,MEM,114.5,109.6,109.8,107.1,97.61,102.67,1
2021-22,MIL,BOS,103.4,102.7,110.3,106.3,99.0,95.79,0
2021-22,BOS,MIL,110.3,106.3,103.4,102.7,95.79,99.0,1
2021-22,PHX,DAL,114.9,114.9,113.9,113.3,94.12,93.31,0
2021-22,MIA,BOS,110.7,107.0,110.3,106.3,93.97,95.79,1
2021-22,GSW,DAL,114.5,109.6,113.9,113.3,97.61,93.31,1
2021-22,MIA,BOS,110.7,107.0,110.3,106.3,93.97,95.79,0
2021-22,GSW,DAL,114.5,109.6,113.9,113.3,97.61,93.31,1
2021-22,BOS,MIA,110.3,106.3,110.7,107.0,95.79,93.97,0
2021-22,DAL,GSW,113.9,113.3,114.5,109.6,93.31,97.61,0
2021-22,BOS,MIA,110.3,106.3,110.7,107.0,95.79,93.97,1
2021-22,DAL,GSW,113.9,113.3,114.5,109.6,93.31,97.61,1
2021-22,MIA,BOS,110.7,107.0,110.3,106.3,93.97,95.79,0
2021-22,GSW,DAL,114.5,109.6,113.9,113.3,97.61,93.31,1
2021-22,BOS,MIA,110.3,106.3,110.7,107.0,95.79,93.97,0
2021-22,MIA,BOS,110.7,107.0,110.3,106.3,93.97,95.79,0
2021-22,GSW,BOS,114.5,109.6,110.3,106.3,97.61,95.79,0
2021-22,GSW,BOS,114.5,109.6,110.3,106.3,97.61,95.79,1
2021-22,BOS,GSW,110.3,106.3,114.5,109.6,95.79,97.61,1
2021-22,BOS,GSW,110.3,106.3,114.5,109.6,95.79,97.61,0
2021-22,GSW,BOS,114.5,109.6,110.3,106.3,97.61,95.79,1
2021-22,BOS,GSW,110.3,106.3,114.5,109.6,95.79,97.61,0
2022-23,BOS,ATL,116.1,112.9,114.3,118.8,95.83,101.67,1
2022-23,CLE,NYK,101.9,107.3,107.7,107.8,92.6,92.73,0
2022-23,PHI,BKN,110.2,112.1,102.5,114.3,92.08,90.5,1
2022-23,SAC,GSW,109.3,111.6,110.9,111.1,103.93,101.92,1
2022-23,DEN,MIN,118.2,110.2,109.6,117.2,95.18,94.82,1
2022-23,MIL,MIA,114.2,119.0,113.8,111.9,101.98,94.87,0
2022-23,PHX,LAC,116.1,118.3,116.3,122.5,98.41,99.5,0
2022-23,MEM,LAL,102.8,110.0,112.7,110.3,100.18,99.04,0
2022-23,PHI,BKN,110.2,112.1,102.5,114.3,92.08,90.5,1
2022-23,SAC,GSW,109.3,111.6,110.9,111.1,103.93,101.92,1
2022-23,CLE,NYK,101.9,107.3,107.7,107.8,92.6,92.73,1
2022-23,PHX,LAC,116.1,118.3,116.3,122.5,98.41,99.5,1
2022-23,BOS,ATL,116.1,112.9,114.3,118.8,95.83,101.67,1
2022-23,MEM,LAL,102.8,110.0,112.7,110.3,100.18,99.04,1
2022-23,DEN,MIN,118.2,110.2,109.6,117.2,95.18,94.82,1
2022-23,MIL,MIA,114.2,119.0,113.8,111.9,101.98,94.87,1
2022-23,GSW,SAC,110.9,111.1,109.3,111.6,101.92,103.93,1
2022-23,LAC,PHX,116.3,122.5,116.1,118.3,99.5,98.41,0
2022-23,BKN,PHI,102.5,114.3,110.2,112.1,90.5,92.08,0
2022-23,ATL,BOS,114.3,118.8,116.1,112.9,101.67,95.83,1
2022-23,MIN,DEN,109.6,117.2,118.2,110.2,94.82,95.18,0
2022-23,NYK,CLE,107.7,107.8,101.9,107.3,92.73,92.6,1
2022-23,LAL,MEM,112.7,110.3,102.8,110.0,99.04,100.18,1
2022-23,MIA,MIL,113.8,111.9,114.2,119.0,94.87,101.98,1
2022-23,LAC,PHX,116.3,122.5,116.1,118.3,99.5,98.41,0
2022-23,BKN,PHI,102.5,114.3,110.2,112.1,90.5,92.08,0
2022-23,GSW,SAC,110.9,111.1,109.3,111.6,101.92,103.93,1
2022-23,MIN,DEN,109.6,117.2,118.2,110.2,94.82,95.18,1
2022-23,ATL,BOS,114.3,118.8,116.1,112.9,101.67,95.83,0
2022-23,NYK,CLE,107.7,107.8,101.9,107.3,92.73,92.6,1
2022-23,LAL,MEM,112.7,110.3,102.8,110.0,99.04,100.18,1
2022-23,MIA,MIL,113.8,111.9,114.2,119.0,94.87,101.98,1
2022-23,BOS,ATL,116.1,112.9,114.3,118.8,95.83,101.67,0
2022-23,DEN,MIN,118.2,110.2,109.6,117.2,95.18,94.82,1
2022-23,PHX,LAC,116.1,118.3,116.3,122.5,98.41,99.5,1
2022-23,CLE,NYK,101.9,107.3,107.7,107.8,92.6,92.73,0
2022-23,MIL,MIA,114.2,119.0,113.8,111.9,101.98,94.87,0
2022-23,MEM,LAL,102.8,110.0,112.7,110.3,100.18,99.04,1
2022-23,SAC,GSW,109.3,111.6,110.9,111.1,103.93,101.92,0
2022-23,ATL,BOS,114.3,118.8,116.1,112.9,101.67,95.83,0
2022-23,GSW,SAC,110.9,111.1,109.3,111.6,101.92,103.93,0
2022-23,LAL,MEM,112.7,110.3,102.8,110.0,99.04,100.18,1
2022-23,DEN,PHX,118.2,110.2,116.1,118.3,95.18,98.41,1
2022-23,NYK,MIA,107.7,107.8,113.8,111.9,92.73,94.87,0
2022-23,SAC,GSW,109.3,111.6,110.9,111.1,103.93,101.92,0
2022-23,DEN,PHX,118.2,110.2,116.1,118.3,95.18,98.41,1
2022-23,BOS,PHI,116.1,112.9,110.2,112.1,95.83,92.08,0
2022-23,GSW,LAL,110.9,111.1,112.7,110.3,101.92,99.04,0
2022-23,NYK,MIA,107.7,107.8,113.8,111.9,92.73,94.87,1
2022-23,BOS,PHI,116.1,112.9,110.2,112.1,95.83,92.08,1
2022-23,GSW,LAL,110.9,111.1,112.7,110.3,101.92,99.04,1
2022-23,PHX,DEN,116.1,118.3,118.2,110.2,98.41,95.18,1
2022-23,PHI,BOS,110.2,112.1,116.1,112.9,92.08,95.83,0
2022-23,LAL,GSW,112.7,110.3,110.9,111.1,99.04,101.92,1
2022-23,MIA,NYK,113.8,111.9,107.7,107.8,94.87,92.73,1
2022-23,PHI,BOS,110.2,112.1,116.1,112.9,92.08,95.83,1
2022-23,PHX,DEN,116.1,118.3,118.2,110.2,98.41,95.18,1
2022-23,LAL,GSW,112.7,110.3,110.9,111.1,99.04,101.92,1
2022-23,MIA,NYK,113.8,111.9,107.7,107.8,94.87,92.73,1
2022-23,BOS,PHI,116.1,112.9,110.2,112.1,95.83,92.08,0
2022-23,DEN,PHX,118.2,110.2,116.1,118.3,95.18,98.41,1
2022-23,GSW,LAL,110.9,111.1,112.7,110.3,101.92,99.04,1
2022-23,NYK,MIA,107.7,107.8,113.8,111.9,92.73,94.87,1
2022-23,PHX,DEN,116.1,118.3,118.2,110.2,98.41,95.18,0
2022-23,PHI,BOS,110.2,112.1,116.1,112.9,92.08,95.83,0
2022-23,LAL,GSW,112.7,110.3,110.9,111.1,99.04,101.92,1
2022-23,MIA,NYK,113.8,111.9,107.7,107.8,94.87,92.73,1
2022-23,BOS,PHI,116.1,112.9,110.2,112.1,95.83,92.08,1
2022-23,DEN,LAL,118.2,110.2,112.7,110.3,95.18,99.04,1
2022-23,BOS,MIA,116.1,112.9,113.8,111.9,95.83,94.87,0
2022-23,DEN,LAL,118.2,110.2,112.7,110.3,95.18,99.04,1
2022-23,BOS,MIA,116.1,112.9,113.8,111.9,95.83,94.87,0
2022-23,LAL,DEN,112.7,110.3,118.2,110.2,99.04,95.18,0
2022-23,MIA,BOS,113.8,111.9,116.1,112.9,94.87,95.83,1
2022-23,LAL,DEN,112.7,110.3,118.2,110.2,99.04,95.18,0
2022-23,MIA,BOS,113.8,111.9,116.1,112.9,94.87,95.83,0
2022-23,BOS,MIA,116.1,112.9,113.8,111.9,95.83,94.87,1
2022-23,MIA,BOS,113.8,111.9,116.1,112.9,94.87,95.83,0
2022-23,BOS,MIA,116.1,112.9,113.8,111.9,95.83,94.87,0
2022-23,DEN,MIA,118.2,110.2,113.8,111.9,95.18,94.87,1
2022-23,DEN,MIA,118.2,110.2,113.8,111.9,95.18,94.87,0
2022-23,MIA,DEN,113.8,111.9,118.2,110.2,94.87,95.18,0
2022-23,MIA,DEN,113.8,111.9,118.2,110.2,94.87,95.18,0
2022-23,DEN,MIA,118.2,110.2,113.8,111.9,95.18,94.87,1
2023-24,CLE,ORL,104.7,111.1,104.9,100.0,93.5,95.71,1
2023-24,DEN,LAL,109.5,110.9,109.7,113.4,93.67,96.4,1
2023-24,MIN,PHX,114.8,110.9,109.3,123.2,93.38,95.25,1
2023-24,NYK,PHI,118.1,120.6,116.9,116.7,92.22,91.09,1
2023-24,BOS,MIA,116.8,108.2,100.7,117.7,92.6,91.6,1
2023-24,LAC,DAL,109.5,115.9,113.3,110.7,92.0,93.48,1
2023-24,MIL,IND,116.8,119.4,120.0,118.8,92.89,93.76,1
2023-24,OKC,NOP,110.9,104.5,93.5,109.6,95.2,95.88,1
2023-24,CLE,ORL,104.7,111.1,104.9,100.0,93.5,95.71,1
2023-24,DEN,LAL,109.5,110.9,109.7,113.4,93.67,96.4,1
2023-24,NYK,PHI,118.1,120.6,116.9,116.7,92.22,91.09,1
2023-24,LAC,DAL,109.5,115.9,113.3,110.7,92.0,93.48,0
2023-24,MIL,IND,116.8,119.4,120.0,118.8,92.89,93.76,0
2023-24,MIN,PHX,114.8,110.9,109.3,123.2,93.38,95.25,1
2023-24,BOS,MIA,116.8,108.2,100.7,117.7,92.6,91.6,0
2023-24,OKC,NOP,110.9,104.5,93.5,109.6,95.2,95.88,1
2023-24,LAL,DEN,109.7,113.4,109.5,110.9,96.4,93.67,0
2023-24,ORL,CLE,104.9,100.0,104.7,111.1,95.71,93.5,1
2023-24,PHI,NYK,116.9,116.7,118.1,120.6,91.09,92.22,1
2023-24,DAL,LAC,113.3,110.7,109.5,115.9,93.48,92.0,1
2023-24,IND,MIL,120.0,118.8,116.8,119.4,93.76,92.89,1
2023-24,PHX,MIN,109.3,123.2,114.8,110.9,95.25,93.38,0
2023-24,NOP,OKC,93.5,109.6,110.9,104.5,95.88,95.2,0
2023-24,LAL,DEN,109.7,113.4,109.5,110.9,96.4,93.67,1
2023-24,MIA,BOS,100.7,117.7,116.8,108.2,91.6,92.6,0
2023-24,ORL,CLE,104.9,100.0,104.7,111.1,95.71,93.5,1
2023-24,DAL,LAC,113.3,110.7,109.5,115.9,93.48,92.0,0
2023-24,IND,MIL,120.0,118.8,116.8,119.4,93.76,92.89,1
2023-24,PHI,NYK,116.9,116.7,118.1,120.6,91.09,92.22,0
2023-24,PHX,MIN,109.3,123.2,114.8,110.9,95.25,93.38,0
2023-24,NOP,OKC,93.5,109.6,110.9,104.5,95.88,95.2,0
2023-24,DEN,LAL,109.5,110.9,109.7,113.4,93.67,96.4,1
2023-24,MIA,BOS,100.7,117.7,116.8,108.2,91.6,92.6,0
2023-24,CLE,ORL,104.7,111.1,104.9,100.0,93.5,95.71,1
2023-24,MIL,IND,116.8,119.4,120.0,118.8,92.89,93.76,1
2023-24,NYK,PHI,118.1,120.6,116.9,116.7,92.22,91.09,0
2023-24,BOS,MIA,116.8,108.2,100.7,117.7,92.6,91.6,1
2023-24,LAC,DAL,109.5,115.9,113.3,110.7,92.0,93.48,0
2023-24,IND,MIL,120.0,118.8,116.8,119.4,93.76,92.89,1
2023-24,PHI,NYK,116.9,116.7,118.1,120.6,91.09,92.22,0
2023-24,DAL,LAC,113.3,110.7,109.5,115.9,93.48,92.0,1
2023-24,ORL,CLE,104.9,100.0,104.7,111.1,95.71,93.5,1
2023-24,DEN,MIN,109.5,110.9,114.8,110.9,93.67,93.38,0
2023-24,CLE,ORL,104.7,111.1,104.9,100.0,93.5,95.71,1
2023-24,DEN,MIN,109.5,110.9,114.8,110.9,93.67,93.38,0
2023-24,NYK,IND,118.1,120.6,120.0,118.8,92.22,93.76,1
2023-24,BOS,CLE,116.8,108.2,104.7,111.1,92.6,93.5,1
2023-24,OKC,DAL,110.9,104.5,113.3,110.7,95.2,93.48,1
2023-24,NYK,IND,118.1,120.6,120.0,118.8,92.22,93.76,1
2023-24,BOS,CLE,116.8,108.2,104.7,111.1,92.6,93.5,0
2023-24,OKC,DAL,110.9,104.5,113.3,110.7,95.2,93.48,0
2023-24,MIN,DEN,114.8,110.9,109.5,110.9,93.38,93.67,0
2023-24,IND,NYK,120.0,118.8,118.1,120.6,93.76,92.22,1
2023-24,CLE,BOS,104.7,111.1,116.8,108.2,93.5,92.6,0
2023-24,DAL,OKC,113.3,110.7,110.9,104.5,93.48,95.2,1
2023-24,MIN,DEN,114.8,110.9,109.5,110.9,93.38,93.67,0
2023-24,IND,NYK,120.0,118.8,118.1,120.6,93.76,92.22,1
2023-24,CLE,BOS,104.7,111.1,116.8,108.2,93.5,92.6,0
2023-24,DAL,OKC,113.3,110.7,110.9,104.5,93.48,95.2,0
2023-24,DEN,MIN,109.5,110.9,114.8,110.9,93.67,93.38,1
2023-24,NYK,IND,118.1,120.6,120.0,118.8,92.22,93.76,1
2023-24,BOS,CLE,116.8,108.2,104.7,111.1,92.6,93.5,1
2023-24,OKC,DAL,110.9,104.5,113.3,110.7,95.2,93.48,0
2023-24,MIN,DEN,114.8,110.9,109.5,110.9,93.38,93.67,1
2023-24,IND,NYK,120.0,118.8,118.1,120.6,93.76,92.22,1
2023-24,DAL,OKC,113.3,110.7,110.9,104.5,93.48,95.2,1
2023-24,DEN,MIN,109.5,110.9,114.8,110.9,93.67,93.38,0
2023-24,NYK,IND,118.1,120.6,120.0,118.8,92.22,93.76,0
2023-24,BOS,IND,116.8,108.2,120.0,118.8,92.6,93.76,1
2023-24,MIN,DAL,114.8,110.9,113.3,110.7,93.38,93.48,0
2023-24,BOS,IND,116.8,108.2,120.0,118.8,92.6,93.76,1
2023-24,MIN,DAL,114.8,110.9,113.3,110.7,93.38,93.48,0
2023-24,IND,BOS,120.0,118.8,116.8,108.2,93.76,92.6,0
2023-24,DAL,MIN,113.3,110.7,114.8,110.9,93.48,93.38,1
2023-24,IND,BOS,120.0,118.8,116.8,108.2,93.76,92.6,0
2023-24,DAL,MIN,113.3,110.7,114.8,110.9,93.48,93.38,0
2023-24,MIN,DAL,114.8,110.9,113.3,110.7,93.38,93.48,0
2023-24,BOS,DAL,116.8,108.2,113.3,110.7,92.6,93.48,1
2023-24,BOS,DAL,116.8,108.2,113.3,110.7,92.6,93.48,1
2023-24,DAL,BOS,113.3,110.7,116.8,108.2,93.48,92.6,0
2023-24,DAL,BOS,113.3,110.7,116.8,108.2,93.48,92.6,1
2023-24,BOS,DAL,116.8,108.2,113.3,110.7,92.6,93.48,1
